{
  "project_info": {
    "project_number": "443940504809",
    "project_id": "project-18306",
    "storage_bucket": "project-18306.appspot.com"
  },
  "client": [
    {
      "client_info": {
        "mobilesdk_app_id": "1:443940504809:android:fd847754bd7088f14f5c78",
        "android_client_info": {
          "package_name": "com.example.qwe"
        }
      },
      "oauth_client": [
        {
          "client_id": "443940504809-e38k0jhscqdrppknfukjb1ta576frmq5.apps.googleusercontent.com",
          "client_type": 3
        }
      ],
      "api_key": [
        {
          "current_key": "AIzaSyDTMOCoc-8-_cX9bMDQcfV-b2jUq_VJPyk"
        }
      ],
      "services": {
        "appinvite_service": {
          "other_platform_oauth_client": [
            {
              "client_id": "443940504809-e38k0jhscqdrppknfukjb1ta576frmq5.apps.googleusercontent.com",
              "client_type": 3
            }
          ]
        }
      }
    }
  ],
  "configuration_version": "1"
}